label,c_eff,impactor_dh,n_photolysis_scale,h2_reservoir_kg,argon_shielding_factor,argon_exposure_factor,first_T_below_1500_yr_min,first_T_below_1500_yr_max,final_T_K_min,final_T_K_max,D_H_over_SMOW_min,D_H_over_SMOW_max,N_residual_fraction_min,N_residual_fraction_max,Ar36_retained_fraction_min,Ar36_retained_fraction_max,max_crossover_amu_min,max_crossover_amu_max
baseline_run5,2.5e+25,0.0001465,0.61,5e+20,0.9805247566,0.019475243399999953,50550.55055055056,50550.55055055056,300.0,300.0,0.9424699699296769,0.9463006295671574,0.0018393505095084836,0.0018393505095084836,0.12000000073673292,0.12000000073673292,564603.1225622032,564603.1225622032
oat_argon_exposure_factor_00,2.5e+25,0.0001465,0.61,5e+20,0.9902623783,0.009737621700000032,50550.55055055056,50550.55055055056,300.0,300.0,0.9424699699296769,0.9463006295671574,0.0018393505095084836,0.0018393505095084836,0.34676298401896516,0.34676298401896516,564603.1225622032,564603.1225622032
oat_argon_exposure_factor_01,2.5e+25,0.0001465,0.61,5e+20,0.9844198052800001,0.01558019471999994,50550.55055055056,50550.55055055056,300.0,300.0,0.9424699699296769,0.9463006295671574,0.0018393505095084836,0.0018393505095084836,0.18349647110037184,0.18349647110037184,564603.1225622032,564603.1225622032
oat_argon_exposure_factor_02,2.5e+25,0.0001465,0.61,5e+20,0.9805247566,0.019475243399999953,50550.55055055056,50550.55055055056,300.0,300.0,0.9424699699296769,0.9463006295671574,0.0018393505095084836,0.0018393505095084836,0.12000000073673292,0.12000000073673292,564603.1225622032,564603.1225622032
oat_argon_exposure_factor_03,2.5e+25,0.0001465,0.61,5e+20,0.97662970792,0.023370292079999966,50550.55055055056,50550.55055055056,300.0,300.0,0.9424699699296769,0.9463006295671574,0.0018393505095084836,0.0018393505095084836,0.07845011407281843,0.07845011407281843,564603.1225622032,564603.1225622032
oat_argon_exposure_factor_04,2.5e+25,0.0001465,0.61,5e+20,0.9707871349000001,0.029212865099999874,50550.55055055056,50550.55055055056,300.0,300.0,0.9424699699296769,0.9463006295671574,0.0018393505095084836,0.0018393505095084836,0.04144260305682104,0.04144260305682104,564603.1225622032,564603.1225622032
oat_impactor_dh_00,2.5e+25,0.000139175,0.61,5e+20,0.9805247566,0.019475243399999953,50550.55055055056,50550.55055055056,300.0,300.0,0.8971076359960992,0.9038580889201513,0.0018393505095084836,0.0018393505095084836,0.12000000073673292,0.12000000073673292,564603.1225622032,564603.1225622032
oat_impactor_dh_01,2.5e+25,0.00014357,0.61,5e+20,0.9805247566,0.019475243399999953,50550.55055055056,50550.55055055056,300.0,300.0,0.9243250363562457,0.9293236133083549,0.0018393505095084836,0.0018393505095084836,0.12000000073673292,0.12000000073673292,564603.1225622032,564603.1225622032
oat_impactor_dh_02,2.5e+25,0.0001465,0.61,5e+20,0.9805247566,0.019475243399999953,50550.55055055056,50550.55055055056,300.0,300.0,0.9424699699296769,0.9463006295671574,0.0018393505095084836,0.0018393505095084836,0.12000000073673292,0.12000000073673292,564603.1225622032,564603.1225622032
oat_impactor_dh_03,2.5e+25,0.00014943,0.61,5e+20,0.9805247566,0.019475243399999953,50550.55055055056,50550.55055055056,300.0,300.0,0.960614903503108,0.9632776458259596,0.0018393505095084836,0.0018393505095084836,0.12000000073673292,0.12000000073673292,564603.1225622032,564603.1225622032
oat_impactor_dh_04,2.5e+25,0.000153825,0.61,5e+20,0.9805247566,0.019475243399999953,50550.55055055056,50550.55055055056,300.0,300.0,0.9878323038632546,0.9887431702141634,0.0018393505095084836,0.0018393505095084836,0.12000000073673292,0.12000000073673292,564603.1225622032,564603.1225622032
oat_n_photolysis_scale_00,2.5e+25,0.0001465,0.488,5e+20,0.9805247566,0.019475243399999953,50550.55055055056,50550.55055055056,300.0,300.0,0.9424699699296769,0.9463006295671574,0.06390732676563113,0.06390732676563113,0.12000000073673292,0.12000000073673292,564603.1225622032,564603.1225622032
oat_n_photolysis_scale_01,2.5e+25,0.0001465,0.549,5e+20,0.9805247566,0.019475243399999953,50550.55055055056,50550.55055055056,300.0,300.0,0.9424699699296769,0.9463006295671574,0.015124475331238191,0.015124475331238191,0.12000000073673292,0.12000000073673292,564603.1225622032,564603.1225622032
oat_n_photolysis_scale_02,2.5e+25,0.0001465,0.61,5e+20,0.9805247566,0.019475243399999953,50550.55055055056,50550.55055055056,300.0,300.0,0.9424699699296769,0.9463006295671574,0.0018393505095084836,0.0018393505095084836,0.12000000073673292,0.12000000073673292,564603.1225622032,564603.1225622032
oat_n_photolysis_scale_03,2.5e+25,0.0001465,0.671,5e+20,0.9805247566,0.019475243399999953,50550.55055055056,50550.55055055056,300.0,300.0,0.9424699699296769,0.9463006295671574,0.0002706608590245656,0.0002706608590245656,0.12000000073673292,0.12000000073673292,564603.1225622032,564603.1225622032
oat_n_photolysis_scale_04,2.5e+25,0.0001465,0.732,5e+20,0.9805247566,0.019475243399999953,50550.55055055056,50550.55055055056,300.0,300.0,0.9424699699296769,0.9463006295671574,5.272657962804971e-05,5.272657962804971e-05,0.12000000073673292,0.12000000073673292,564603.1225622032,564603.1225622032
oat_h2_reservoir_kg_00,2.5e+25,0.0001465,0.61,4e+20,0.9805247566,0.019475243399999953,50550.55055055056,50550.55055055056,300.0,300.0,0.9424699699296769,0.9463006295671574,0.024171500105181827,0.024171500105181827,0.12000910302155803,0.12000910302155803,451682.9012497625,451682.9012497625
oat_h2_reservoir_kg_01,2.5e+25,0.0001465,0.61,4.5e+20,0.9805247566,0.019475243399999953,50550.55055055056,50550.55055055056,300.0,300.0,0.9424699699296769,0.9463006295671574,0.006016222010174453,0.006016222010174453,0.12000404611279603,0.12000404611279603,508143.0119059829,508143.0119059829
oat_h2_reservoir_kg_02,2.5e+25,0.0001465,0.61,5e+20,0.9805247566,0.019475243399999953,50550.55055055056,50550.55055055056,300.0,300.0,0.9424699699296769,0.9463006295671574,0.0018393505095084836,0.0018393505095084836,0.12000000073673292,0.12000000073673292,564603.1225622032,564603.1225622032
oat_h2_reservoir_kg_03,2.5e+25,0.0001465,0.61,5.5000000000000007e+20,0.9805247566,0.019475243399999953,50550.55055055056,50550.55055055056,300.0,300.0,0.9424699699296769,0.9463006295671574,0.0008140993881239841,0.0008140993881239841,0.11999669098338663,0.11999669098338663,621063.2332184236,621063.2332184236
oat_h2_reservoir_kg_04,2.5e+25,0.0001465,0.61,6e+20,0.9805247566,0.019475243399999953,50550.55055055056,50550.55055055056,300.0,300.0,0.9424699699296769,0.9463006295671574,0.00046009138405604124,0.00046009138405604124,0.11999393292420656,0.11999393292420656,677523.3438746439,677523.3438746439
oat_c_eff_00,2.5e+25,0.0001465,0.61,5e+20,0.9805247566,0.019475243399999953,50550.55055055056,50550.55055055056,300.0,300.0,0.9424699699296769,0.9463006295671574,0.0018393505095084836,0.0018393505095084836,0.12000000073673292,0.12000000073673292,564603.1225622032,564603.1225622032
oat_c_eff_01,2.75e+25,0.0001465,0.61,5e+20,0.9805247566,0.019475243399999953,55555.55555555556,55555.55555555556,458.70391581958984,458.70391581958984,0.9424718827387683,0.9463063158001527,0.00021738594816149103,0.00021738594816149103,0.11999735497820528,0.11999735497820528,564603.1225622032,564603.1225622032
oat_c_eff_02,3.125e+25,0.0001465,0.61,5e+20,0.9805247566,0.019475243399999953,63163.16316316317,63163.16316316317,739.6594459212134,739.6594459212134,0.9424736511808023,0.9463115730927214,1.6819774002860756e-05,1.6819774002860756e-05,0.11999523390373458,0.11999523390373458,564603.1225622032,564603.1225622032
oat_c_eff_03,3.75e+25,0.0001465,0.61,5e+20,0.9805247566,0.019475243399999953,75775.77577577578,75775.77577577578,1083.049538267724,1083.049538267724,0.9424741375922924,0.9463130191528369,1.5812945242813694e-06,1.5812945242813694e-06,0.1199934619388814,0.1199934619388814,564603.1225622032,564603.1225622032
oat_c_eff_04,5e+25,0.0001465,0.61,5e+20,0.9805247566,0.019475243399999953,,,1512.2871537006708,1512.2871537006708,0.9424741629785147,0.9463130946243661,4.1621110238998436e-07,4.1621110238998436e-07,0.1199918806765342,0.1199918806765342,564603.1225622032,564603.1225622032
counterfactual_no_argon_shielding,2.5e+25,0.0001465,0.61,5e+20,0.0,1.0,50550.55055055056,50550.55055055056,300.0,300.0,0.9424699699296769,0.9463006295671574,0.0018393505095084836,0.0018393505095084836,2.2739652566007968e-53,2.2739652566007968e-53,564603.1225622032,564603.1225622032
counterfactual_complete_argon_shielding,2.5e+25,0.0001465,0.61,5e+20,1.0,0.0,50550.55055055056,50550.55055055056,300.0,300.0,0.9424699699296769,0.9463006295671574,0.0018393505095084836,0.0018393505095084836,1.0,1.0,564603.1225622032,564603.1225622032
counterfactual_no_atomic_n_access,2.5e+25,0.0001465,0.0,5e+20,0.9805247566,0.019475243399999953,50550.55055055056,50550.55055055056,300.0,300.0,0.9424699699296769,0.9463006295671574,1.0,1.0,0.12000000073673292,0.12000000073673292,564603.1225622032,564603.1225622032
counterfactual_no_h2_escape_reservoir,2.5e+25,0.0001465,0.61,0.0,0.9805247566,0.019475243399999953,50550.55055055056,50550.55055055056,300.0,300.0,0.942410500248247,0.946123967285474,1.0,1.0,1.0,1.0,2.016,2.016
counterfactual_smow_like_impactor_water,2.5e+25,0.0001558,0.61,5e+20,0.9805247566,0.019475243399999953,50550.55055055056,50550.55055055056,300.0,300.0,1.000063103797564,1.0001867221292262,0.0018393505095084836,0.0018393505095084836,0.12000000073673292,0.12000000073673292,564603.1225622032,564603.1225622032
counterfactual_double_heat_capacity,5e+25,0.0001465,0.61,5e+20,0.9805247566,0.019475243399999953,,,1512.2871537006708,1512.2871537006708,0.9424741629785147,0.9463130946243661,4.1621110238998436e-07,4.1621110238998436e-07,0.1199918806765342,0.1199918806765342,564603.1225622032,564603.1225622032
