first_T_below_1500_yr,final_T_K,D_H_over_SMOW,final_N_kg,N_residual_fraction,final_Ar36_kg,Ar36_retained_fraction,max_crossover_amu,label,case,c_eff,impactor_dh,n_photolysis_scale,h2_reservoir_kg,argon_shielding_factor,argon_exposure_factor
50550.55055055056,300.0,0.9462160508067251,4.3224736973449364e+18,0.0018393505095084836,600000003683664.6,0.12000000073673292,564603.1225622032,baseline_run5,0,2.5e+25,0.0001465,0.61,5e+20,0.9805247566,0.019475243399999953
50550.55055055056,300.0,0.9463006295671574,4.3224736973449364e+18,0.0018393505095084836,600000003683664.6,0.12000000073673292,564603.1225622032,baseline_run5,1,2.5e+25,0.0001465,0.61,5e+20,0.9805247566,0.019475243399999953
50550.55055055056,300.0,0.9444252432583514,4.3224736973449364e+18,0.0018393505095084836,600000003683664.6,0.12000000073673292,564603.1225622032,baseline_run5,2,2.5e+25,0.0001465,0.61,5e+20,0.9805247566,0.019475243399999953
50550.55055055056,300.0,0.9444841367690439,4.3224736973449364e+18,0.0018393505095084836,600000003683664.6,0.12000000073673292,564603.1225622032,baseline_run5,3,2.5e+25,0.0001465,0.61,5e+20,0.9805247566,0.019475243399999953
50550.55055055056,300.0,0.9431812980285696,4.3224736973449364e+18,0.0018393505095084836,600000003683664.6,0.12000000073673292,564603.1225622032,baseline_run5,4,2.5e+25,0.0001465,0.61,5e+20,0.9805247566,0.019475243399999953
50550.55055055056,300.0,0.9431941513831105,4.3224736973449364e+18,0.0018393505095084836,600000003683664.6,0.12000000073673292,564603.1225622032,baseline_run5,5,2.5e+25,0.0001465,0.61,5e+20,0.9805247566,0.019475243399999953
50550.55055055056,300.0,0.9425191231131548,4.3224736973449364e+18,0.0018393505095084836,600000003683664.6,0.12000000073673292,564603.1225622032,baseline_run5,6,2.5e+25,0.0001465,0.61,5e+20,0.9805247566,0.019475243399999953
50550.55055055056,300.0,0.9424699699296769,4.3224736973449364e+18,0.0018393505095084836,600000003683664.6,0.12000000073673292,564603.1225622032,baseline_run5,7,2.5e+25,0.0001465,0.61,5e+20,0.9805247566,0.019475243399999953
50550.55055055056,300.0,0.9462160508067251,4.3224736973449364e+18,0.0018393505095084836,1733814920094825.8,0.34676298401896516,564603.1225622032,oat_argon_exposure_factor_00,0,2.5e+25,0.0001465,0.61,5e+20,0.9902623783,0.009737621700000032
50550.55055055056,300.0,0.9463006295671574,4.3224736973449364e+18,0.0018393505095084836,1733814920094825.8,0.34676298401896516,564603.1225622032,oat_argon_exposure_factor_00,1,2.5e+25,0.0001465,0.61,5e+20,0.9902623783,0.009737621700000032
50550.55055055056,300.0,0.9444252432583514,4.3224736973449364e+18,0.0018393505095084836,1733814920094825.8,0.34676298401896516,564603.1225622032,oat_argon_exposure_factor_00,2,2.5e+25,0.0001465,0.61,5e+20,0.9902623783,0.009737621700000032
50550.55055055056,300.0,0.9444841367690439,4.3224736973449364e+18,0.0018393505095084836,1733814920094825.8,0.34676298401896516,564603.1225622032,oat_argon_exposure_factor_00,3,2.5e+25,0.0001465,0.61,5e+20,0.9902623783,0.009737621700000032
50550.55055055056,300.0,0.9431812980285696,4.3224736973449364e+18,0.0018393505095084836,1733814920094825.8,0.34676298401896516,564603.1225622032,oat_argon_exposure_factor_00,4,2.5e+25,0.0001465,0.61,5e+20,0.9902623783,0.009737621700000032
50550.55055055056,300.0,0.9431941513831105,4.3224736973449364e+18,0.0018393505095084836,1733814920094825.8,0.34676298401896516,564603.1225622032,oat_argon_exposure_factor_00,5,2.5e+25,0.0001465,0.61,5e+20,0.9902623783,0.009737621700000032
50550.55055055056,300.0,0.9425191231131548,4.3224736973449364e+18,0.0018393505095084836,1733814920094825.8,0.34676298401896516,564603.1225622032,oat_argon_exposure_factor_00,6,2.5e+25,0.0001465,0.61,5e+20,0.9902623783,0.009737621700000032
50550.55055055056,300.0,0.9424699699296769,4.3224736973449364e+18,0.0018393505095084836,1733814920094825.8,0.34676298401896516,564603.1225622032,oat_argon_exposure_factor_00,7,2.5e+25,0.0001465,0.61,5e+20,0.9902623783,0.009737621700000032
50550.55055055056,300.0,0.9462160508067251,4.3224736973449364e+18,0.0018393505095084836,917482355501859.2,0.18349647110037184,564603.1225622032,oat_argon_exposure_factor_01,0,2.5e+25,0.0001465,0.61,5e+20,0.9844198052800001,0.01558019471999994
50550.55055055056,300.0,0.9463006295671574,4.3224736973449364e+18,0.0018393505095084836,917482355501859.2,0.18349647110037184,564603.1225622032,oat_argon_exposure_factor_01,1,2.5e+25,0.0001465,0.61,5e+20,0.9844198052800001,0.01558019471999994
50550.55055055056,300.0,0.9444252432583514,4.3224736973449364e+18,0.0018393505095084836,917482355501859.2,0.18349647110037184,564603.1225622032,oat_argon_exposure_factor_01,2,2.5e+25,0.0001465,0.61,5e+20,0.9844198052800001,0.01558019471999994
50550.55055055056,300.0,0.9444841367690439,4.3224736973449364e+18,0.0018393505095084836,917482355501859.2,0.18349647110037184,564603.1225622032,oat_argon_exposure_factor_01,3,2.5e+25,0.0001465,0.61,5e+20,0.9844198052800001,0.01558019471999994
50550.55055055056,300.0,0.9431812980285696,4.3224736973449364e+18,0.0018393505095084836,917482355501859.2,0.18349647110037184,564603.1225622032,oat_argon_exposure_factor_01,4,2.5e+25,0.0001465,0.61,5e+20,0.9844198052800001,0.01558019471999994
50550.55055055056,300.0,0.9431941513831105,4.3224736973449364e+18,0.0018393505095084836,917482355501859.2,0.18349647110037184,564603.1225622032,oat_argon_exposure_factor_01,5,2.5e+25,0.0001465,0.61,5e+20,0.9844198052800001,0.01558019471999994
50550.55055055056,300.0,0.9425191231131548,4.3224736973449364e+18,0.0018393505095084836,917482355501859.2,0.18349647110037184,564603.1225622032,oat_argon_exposure_factor_01,6,2.5e+25,0.0001465,0.61,5e+20,0.9844198052800001,0.01558019471999994
50550.55055055056,300.0,0.9424699699296769,4.3224736973449364e+18,0.0018393505095084836,917482355501859.2,0.18349647110037184,564603.1225622032,oat_argon_exposure_factor_01,7,2.5e+25,0.0001465,0.61,5e+20,0.9844198052800001,0.01558019471999994
50550.55055055056,300.0,0.9462160508067251,4.3224736973449364e+18,0.0018393505095084836,600000003683664.6,0.12000000073673292,564603.1225622032,oat_argon_exposure_factor_02,0,2.5e+25,0.0001465,0.61,5e+20,0.9805247566,0.019475243399999953
50550.55055055056,300.0,0.9463006295671574,4.3224736973449364e+18,0.0018393505095084836,600000003683664.6,0.12000000073673292,564603.1225622032,oat_argon_exposure_factor_02,1,2.5e+25,0.0001465,0.61,5e+20,0.9805247566,0.019475243399999953
50550.55055055056,300.0,0.9444252432583514,4.3224736973449364e+18,0.0018393505095084836,600000003683664.6,0.12000000073673292,564603.1225622032,oat_argon_exposure_factor_02,2,2.5e+25,0.0001465,0.61,5e+20,0.9805247566,0.019475243399999953
50550.55055055056,300.0,0.9444841367690439,4.3224736973449364e+18,0.0018393505095084836,600000003683664.6,0.12000000073673292,564603.1225622032,oat_argon_exposure_factor_02,3,2.5e+25,0.0001465,0.61,5e+20,0.9805247566,0.019475243399999953
50550.55055055056,300.0,0.9431812980285696,4.3224736973449364e+18,0.0018393505095084836,600000003683664.6,0.12000000073673292,564603.1225622032,oat_argon_exposure_factor_02,4,2.5e+25,0.0001465,0.61,5e+20,0.9805247566,0.019475243399999953
50550.55055055056,300.0,0.9431941513831105,4.3224736973449364e+18,0.0018393505095084836,600000003683664.6,0.12000000073673292,564603.1225622032,oat_argon_exposure_factor_02,5,2.5e+25,0.0001465,0.61,5e+20,0.9805247566,0.019475243399999953
50550.55055055056,300.0,0.9425191231131548,4.3224736973449364e+18,0.0018393505095084836,600000003683664.6,0.12000000073673292,564603.1225622032,oat_argon_exposure_factor_02,6,2.5e+25,0.0001465,0.61,5e+20,0.9805247566,0.019475243399999953
50550.55055055056,300.0,0.9424699699296769,4.3224736973449364e+18,0.0018393505095084836,600000003683664.6,0.12000000073673292,564603.1225622032,oat_argon_exposure_factor_02,7,2.5e+25,0.0001465,0.61,5e+20,0.9805247566,0.019475243399999953
50550.55055055056,300.0,0.9462160508067251,4.3224736973449364e+18,0.0018393505095084836,392250570364092.2,0.07845011407281843,564603.1225622032,oat_argon_exposure_factor_03,0,2.5e+25,0.0001465,0.61,5e+20,0.97662970792,0.023370292079999966
50550.55055055056,300.0,0.9463006295671574,4.3224736973449364e+18,0.0018393505095084836,392250570364092.2,0.07845011407281843,564603.1225622032,oat_argon_exposure_factor_03,1,2.5e+25,0.0001465,0.61,5e+20,0.97662970792,0.023370292079999966
50550.55055055056,300.0,0.9444252432583514,4.3224736973449364e+18,0.0018393505095084836,392250570364092.2,0.07845011407281843,564603.1225622032,oat_argon_exposure_factor_03,2,2.5e+25,0.0001465,0.61,5e+20,0.97662970792,0.023370292079999966
50550.55055055056,300.0,0.9444841367690439,4.3224736973449364e+18,0.0018393505095084836,392250570364092.2,0.07845011407281843,564603.1225622032,oat_argon_exposure_factor_03,3,2.5e+25,0.0001465,0.61,5e+20,0.97662970792,0.023370292079999966
50550.55055055056,300.0,0.9431812980285696,4.3224736973449364e+18,0.0018393505095084836,392250570364092.2,0.07845011407281843,564603.1225622032,oat_argon_exposure_factor_03,4,2.5e+25,0.0001465,0.61,5e+20,0.97662970792,0.023370292079999966
50550.55055055056,300.0,0.9431941513831105,4.3224736973449364e+18,0.0018393505095084836,392250570364092.2,0.07845011407281843,564603.1225622032,oat_argon_exposure_factor_03,5,2.5e+25,0.0001465,0.61,5e+20,0.97662970792,0.023370292079999966
50550.55055055056,300.0,0.9425191231131548,4.3224736973449364e+18,0.0018393505095084836,392250570364092.2,0.07845011407281843,564603.1225622032,oat_argon_exposure_factor_03,6,2.5e+25,0.0001465,0.61,5e+20,0.97662970792,0.023370292079999966
50550.55055055056,300.0,0.9424699699296769,4.3224736973449364e+18,0.0018393505095084836,392250570364092.2,0.07845011407281843,564603.1225622032,oat_argon_exposure_factor_03,7,2.5e+25,0.0001465,0.61,5e+20,0.97662970792,0.023370292079999966
50550.55055055056,300.0,0.9462160508067251,4.3224736973449364e+18,0.0018393505095084836,207213015284105.22,0.04144260305682104,564603.1225622032,oat_argon_exposure_factor_04,0,2.5e+25,0.0001465,0.61,5e+20,0.9707871349000001,0.029212865099999874
50550.55055055056,300.0,0.9463006295671574,4.3224736973449364e+18,0.0018393505095084836,207213015284105.22,0.04144260305682104,564603.1225622032,oat_argon_exposure_factor_04,1,2.5e+25,0.0001465,0.61,5e+20,0.9707871349000001,0.029212865099999874
50550.55055055056,300.0,0.9444252432583514,4.3224736973449364e+18,0.0018393505095084836,207213015284105.22,0.04144260305682104,564603.1225622032,oat_argon_exposure_factor_04,2,2.5e+25,0.0001465,0.61,5e+20,0.9707871349000001,0.029212865099999874
50550.55055055056,300.0,0.9444841367690439,4.3224736973449364e+18,0.0018393505095084836,207213015284105.22,0.04144260305682104,564603.1225622032,oat_argon_exposure_factor_04,3,2.5e+25,0.0001465,0.61,5e+20,0.9707871349000001,0.029212865099999874
50550.55055055056,300.0,0.9431812980285696,4.3224736973449364e+18,0.0018393505095084836,207213015284105.22,0.04144260305682104,564603.1225622032,oat_argon_exposure_factor_04,4,2.5e+25,0.0001465,0.61,5e+20,0.9707871349000001,0.029212865099999874
50550.55055055056,300.0,0.9431941513831105,4.3224736973449364e+18,0.0018393505095084836,207213015284105.22,0.04144260305682104,564603.1225622032,oat_argon_exposure_factor_04,5,2.5e+25,0.0001465,0.61,5e+20,0.9707871349000001,0.029212865099999874
50550.55055055056,300.0,0.9425191231131548,4.3224736973449364e+18,0.0018393505095084836,207213015284105.22,0.04144260305682104,564603.1225622032,oat_argon_exposure_factor_04,6,2.5e+25,0.0001465,0.61,5e+20,0.9707871349000001,0.029212865099999874
50550.55055055056,300.0,0.9424699699296769,4.3224736973449364e+18,0.0018393505095084836,207213015284105.22,0.04144260305682104,564603.1225622032,oat_argon_exposure_factor_04,7,2.5e+25,0.0001465,0.61,5e+20,0.9707871349000001,0.029212865099999874
50550.55055055056,300.0,0.9037091839946283,4.3224736973449364e+18,0.0018393505095084836,600000003683664.6,0.12000000073673292,564603.1225622032,oat_impactor_dh_00,0,2.5e+25,0.000139175,0.61,5e+20,0.9805247566,0.019475243399999953
50550.55055055056,300.0,0.9038580889201513,4.3224736973449364e+18,0.0018393505095084836,600000003683664.6,0.12000000073673292,564603.1225622032,oat_impactor_dh_00,1,2.5e+25,0.000139175,0.61,5e+20,0.9805247566,0.019475243399999953
50550.55055055056,300.0,0.9005548375501269,4.3224736973449364e+18,0.0018393505095084836,600000003683664.6,0.12000000073673292,564603.1225622032,oat_impactor_dh_00,2,2.5e+25,0.000139175,0.61,5e+20,0.9805247566,0.019475243399999953
50550.55055055056,300.0,0.9006586186858874,4.3224736973449364e+18,0.0018393505095084836,600000003683664.6,0.12000000073673292,564603.1225622032,oat_impactor_dh_00,3,2.5e+25,0.000139175,0.61,5e+20,0.9805247566,0.019475243399999953
50550.55055055056,300.0,0.8983620907760341,4.3224736973449364e+18,0.0018393505095084836,600000003683664.6,0.12000000073673292,564603.1225622032,oat_impactor_dh_00,4,2.5e+25,0.000139175,0.61,5e+20,0.9805247566,0.019475243399999953
50550.55055055056,300.0,0.8983847544196676,4.3224736973449364e+18,0.0018393505095084836,600000003683664.6,0.12000000073673292,564603.1225622032,oat_impactor_dh_00,5,2.5e+25,0.000139175,0.61,5e+20,0.9805247566,0.019475243399999953
50550.55055055056,300.0,0.8971943325090956,4.3224736973449364e+18,0.0018393505095084836,600000003683664.6,0.12000000073673292,564603.1225622032,oat_impactor_dh_00,6,2.5e+25,0.000139175,0.61,5e+20,0.9805247566,0.019475243399999953
50550.55055055056,300.0,0.8971076359960992,4.3224736973449364e+18,0.0018393505095084836,600000003683664.6,0.12000000073673292,564603.1225622032,oat_impactor_dh_00,7,2.5e+25,0.000139175,0.61,5e+20,0.9805247566,0.019475243399999953
50550.55055055056,300.0,0.9292133040818864,4.3224736973449364e+18,0.0018393505095084836,600000003683664.6,0.12000000073673292,564603.1225622032,oat_impactor_dh_01,0,2.5e+25,0.00014357,0.61,5e+20,0.9805247566,0.019475243399999953
50550.55055055056,300.0,0.9293236133083549,4.3224736973449364e+18,0.0018393505095084836,600000003683664.6,0.12000000073673292,564603.1225622032,oat_impactor_dh_01,1,2.5e+25,0.00014357,0.61,5e+20,0.9805247566,0.019475243399999953
50550.55055055056,300.0,0.9268770809750616,4.3224736973449364e+18,0.0018393505095084836,600000003683664.6,0.12000000073673292,564603.1225622032,oat_impactor_dh_01,2,2.5e+25,0.00014357,0.61,5e+20,0.9805247566,0.019475243399999953
50550.55055055056,300.0,0.9269539295357814,4.3224736973449364e+18,0.0018393505095084836,600000003683664.6,0.12000000073673292,564603.1225622032,oat_impactor_dh_01,3,2.5e+25,0.00014357,0.61,5e+20,0.9805247566,0.019475243399999953
50550.55055055056,300.0,0.9252536151275554,4.3224736973449364e+18,0.0018393505095084836,600000003683664.6,0.12000000073673292,564603.1225622032,oat_impactor_dh_01,4,2.5e+25,0.00014357,0.61,5e+20,0.9805247566,0.019475243399999953
50550.55055055056,300.0,0.9252703925977332,4.3224736973449364e+18,0.0018393505095084836,600000003683664.6,0.12000000073673292,564603.1225622032,oat_impactor_dh_01,5,2.5e+25,0.00014357,0.61,5e+20,0.9805247566,0.019475243399999953
50550.55055055056,300.0,0.9243892068715311,4.3224736973449364e+18,0.0018393505095084836,600000003683664.6,0.12000000073673292,564603.1225622032,oat_impactor_dh_01,6,2.5e+25,0.00014357,0.61,5e+20,0.9805247566,0.019475243399999953
50550.55055055056,300.0,0.9243250363562457,4.3224736973449364e+18,0.0018393505095084836,600000003683664.6,0.12000000073673292,564603.1225622032,oat_impactor_dh_01,7,2.5e+25,0.00014357,0.61,5e+20,0.9805247566,0.019475243399999953
50550.55055055056,300.0,0.9462160508067251,4.3224736973449364e+18,0.0018393505095084836,600000003683664.6,0.12000000073673292,564603.1225622032,oat_impactor_dh_02,0,2.5e+25,0.0001465,0.61,5e+20,0.9805247566,0.019475243399999953
50550.55055055056,300.0,0.9463006295671574,4.3224736973449364e+18,0.0018393505095084836,600000003683664.6,0.12000000073673292,564603.1225622032,oat_impactor_dh_02,1,2.5e+25,0.0001465,0.61,5e+20,0.9805247566,0.019475243399999953
50550.55055055056,300.0,0.9444252432583514,4.3224736973449364e+18,0.0018393505095084836,600000003683664.6,0.12000000073673292,564603.1225622032,oat_impactor_dh_02,2,2.5e+25,0.0001465,0.61,5e+20,0.9805247566,0.019475243399999953
50550.55055055056,300.0,0.9444841367690439,4.3224736973449364e+18,0.0018393505095084836,600000003683664.6,0.12000000073673292,564603.1225622032,oat_impactor_dh_02,3,2.5e+25,0.0001465,0.61,5e+20,0.9805247566,0.019475243399999953
50550.55055055056,300.0,0.9431812980285696,4.3224736973449364e+18,0.0018393505095084836,600000003683664.6,0.12000000073673292,564603.1225622032,oat_impactor_dh_02,4,2.5e+25,0.0001465,0.61,5e+20,0.9805247566,0.019475243399999953
50550.55055055056,300.0,0.9431941513831105,4.3224736973449364e+18,0.0018393505095084836,600000003683664.6,0.12000000073673292,564603.1225622032,oat_impactor_dh_02,5,2.5e+25,0.0001465,0.61,5e+20,0.9805247566,0.019475243399999953
50550.55055055056,300.0,0.9425191231131548,4.3224736973449364e+18,0.0018393505095084836,600000003683664.6,0.12000000073673292,564603.1225622032,oat_impactor_dh_02,6,2.5e+25,0.0001465,0.61,5e+20,0.9805247566,0.019475243399999953
50550.55055055056,300.0,0.9424699699296769,4.3224736973449364e+18,0.0018393505095084836,600000003683664.6,0.12000000073673292,564603.1225622032,oat_impactor_dh_02,7,2.5e+25,0.0001465,0.61,5e+20,0.9805247566,0.019475243399999953
50550.55055055056,300.0,0.9632187975315636,4.3224736973449364e+18,0.0018393505095084836,600000003683664.6,0.12000000073673292,564603.1225622032,oat_impactor_dh_03,0,2.5e+25,0.00014943,0.61,5e+20,0.9805247566,0.019475243399999953
50550.55055055056,300.0,0.9632776458259596,4.3224736973449364e+18,0.0018393505095084836,600000003683664.6,0.12000000073673292,564603.1225622032,oat_impactor_dh_03,1,2.5e+25,0.00014943,0.61,5e+20,0.9805247566,0.019475243399999953
50550.55055055056,300.0,0.9619734055416411,4.3224736973449364e+18,0.0018393505095084836,600000003683664.6,0.12000000073673292,564603.1225622032,oat_impactor_dh_03,2,2.5e+25,0.00014943,0.61,5e+20,0.9805247566,0.019475243399999953
50550.55055055056,300.0,0.9620143440023066,4.3224736973449364e+18,0.0018393505095084836,600000003683664.6,0.12000000073673292,564603.1225622032,oat_impactor_dh_03,3,2.5e+25,0.00014943,0.61,5e+20,0.9805247566,0.019475243399999953
50550.55055055056,300.0,0.9611089809295836,4.3224736973449364e+18,0.0018393505095084836,600000003683664.6,0.12000000073673292,564603.1225622032,oat_impactor_dh_03,4,2.5e+25,0.00014943,0.61,5e+20,0.9805247566,0.019475243399999953
50550.55055055056,300.0,0.9611179101684877,4.3224736973449364e+18,0.0018393505095084836,600000003683664.6,0.12000000073673292,564603.1225622032,oat_impactor_dh_03,5,2.5e+25,0.00014943,0.61,5e+20,0.9805247566,0.019475243399999953
50550.55055055056,300.0,0.9606490393547784,4.3224736973449364e+18,0.0018393505095084836,600000003683664.6,0.12000000073673292,564603.1225622032,oat_impactor_dh_03,6,2.5e+25,0.00014943,0.61,5e+20,0.9805247566,0.019475243399999953
50550.55055055056,300.0,0.960614903503108,4.3224736973449364e+18,0.0018393505095084836,600000003683664.6,0.12000000073673292,564603.1225622032,oat_impactor_dh_03,7,2.5e+25,0.00014943,0.61,5e+20,0.9805247566,0.019475243399999953
50550.55055055056,300.0,0.9887229176188215,4.3224736973449364e+18,0.0018393505095084836,600000003683664.6,0.12000000073673292,564603.1225622032,oat_impactor_dh_04,0,2.5e+25,0.000153825,0.61,5e+20,0.9805247566,0.019475243399999953
50550.55055055056,300.0,0.9887431702141634,4.3224736973449364e+18,0.0018393505095084836,600000003683664.6,0.12000000073673292,564603.1225622032,oat_impactor_dh_04,1,2.5e+25,0.000153825,0.61,5e+20,0.9805247566,0.019475243399999953
50550.55055055056,300.0,0.9882956489665758,4.3224736973449364e+18,0.0018393505095084836,600000003683664.6,0.12000000073673292,564603.1225622032,oat_impactor_dh_04,2,2.5e+25,0.000153825,0.61,5e+20,0.9805247566,0.019475243399999953
50550.55055055056,300.0,0.9883096548522006,4.3224736973449364e+18,0.0018393505095084836,600000003683664.6,0.12000000073673292,564603.1225622032,oat_impactor_dh_04,3,2.5e+25,0.000153825,0.61,5e+20,0.9805247566,0.019475243399999953
50550.55055055056,300.0,0.988000505281105,4.3224736973449364e+18,0.0018393505095084836,600000003683664.6,0.12000000073673292,564603.1225622032,oat_impactor_dh_04,4,2.5e+25,0.000153825,0.61,5e+20,0.9805247566,0.019475243399999953
50550.55055055056,300.0,0.9880035483465537,4.3224736973449364e+18,0.0018393505095084836,600000003683664.6,0.12000000073673292,564603.1225622032,oat_impactor_dh_04,5,2.5e+25,0.000153825,0.61,5e+20,0.9805247566,0.019475243399999953
50550.55055055056,300.0,0.9878439137172139,4.3224736973449364e+18,0.0018393505095084836,600000003683664.6,0.12000000073673292,564603.1225622032,oat_impactor_dh_04,6,2.5e+25,0.000153825,0.61,5e+20,0.9805247566,0.019475243399999953
50550.55055055056,300.0,0.9878323038632546,4.3224736973449364e+18,0.0018393505095084836,600000003683664.6,0.12000000073673292,564603.1225622032,oat_impactor_dh_04,7,2.5e+25,0.000153825,0.61,5e+20,0.9805247566,0.019475243399999953
50550.55055055056,300.0,0.9462160508067251,1.5018221789923315e+20,0.06390732676563113,600000003683664.6,0.12000000073673292,564603.1225622032,oat_n_photolysis_scale_00,0,2.5e+25,0.0001465,0.488,5e+20,0.9805247566,0.019475243399999953
50550.55055055056,300.0,0.9463006295671574,1.5018221789923315e+20,0.06390732676563113,600000003683664.6,0.12000000073673292,564603.1225622032,oat_n_photolysis_scale_00,1,2.5e+25,0.0001465,0.488,5e+20,0.9805247566,0.019475243399999953
50550.55055055056,300.0,0.9444252432583514,1.5018221789923315e+20,0.06390732676563113,600000003683664.6,0.12000000073673292,564603.1225622032,oat_n_photolysis_scale_00,2,2.5e+25,0.0001465,0.488,5e+20,0.9805247566,0.019475243399999953
50550.55055055056,300.0,0.9444841367690439,1.5018221789923315e+20,0.06390732676563113,600000003683664.6,0.12000000073673292,564603.1225622032,oat_n_photolysis_scale_00,3,2.5e+25,0.0001465,0.488,5e+20,0.9805247566,0.019475243399999953
50550.55055055056,300.0,0.9431812980285696,1.5018221789923315e+20,0.06390732676563113,600000003683664.6,0.12000000073673292,564603.1225622032,oat_n_photolysis_scale_00,4,2.5e+25,0.0001465,0.488,5e+20,0.9805247566,0.019475243399999953
50550.55055055056,300.0,0.9431941513831105,1.5018221789923315e+20,0.06390732676563113,600000003683664.6,0.12000000073673292,564603.1225622032,oat_n_photolysis_scale_00,5,2.5e+25,0.0001465,0.488,5e+20,0.9805247566,0.019475243399999953
50550.55055055056,300.0,0.9425191231131548,1.5018221789923315e+20,0.06390732676563113,600000003683664.6,0.12000000073673292,564603.1225622032,oat_n_photolysis_scale_00,6,2.5e+25,0.0001465,0.488,5e+20,0.9805247566,0.019475243399999953
50550.55055055056,300.0,0.9424699699296769,1.5018221789923315e+20,0.06390732676563113,600000003683664.6,0.12000000073673292,564603.1225622032,oat_n_photolysis_scale_00,7,2.5e+25,0.0001465,0.488,5e+20,0.9805247566,0.019475243399999953
50550.55055055056,300.0,0.9462160508067251,3.554251702840975e+19,0.015124475331238191,600000003683664.6,0.12000000073673292,564603.1225622032,oat_n_photolysis_scale_01,0,2.5e+25,0.0001465,0.549,5e+20,0.9805247566,0.019475243399999953
50550.55055055056,300.0,0.9463006295671574,3.554251702840975e+19,0.015124475331238191,600000003683664.6,0.12000000073673292,564603.1225622032,oat_n_photolysis_scale_01,1,2.5e+25,0.0001465,0.549,5e+20,0.9805247566,0.019475243399999953
50550.55055055056,300.0,0.9444252432583514,3.554251702840975e+19,0.015124475331238191,600000003683664.6,0.12000000073673292,564603.1225622032,oat_n_photolysis_scale_01,2,2.5e+25,0.0001465,0.549,5e+20,0.9805247566,0.019475243399999953
50550.55055055056,300.0,0.9444841367690439,3.554251702840975e+19,0.015124475331238191,600000003683664.6,0.12000000073673292,564603.1225622032,oat_n_photolysis_scale_01,3,2.5e+25,0.0001465,0.549,5e+20,0.9805247566,0.019475243399999953
50550.55055055056,300.0,0.9431812980285696,3.554251702840975e+19,0.015124475331238191,600000003683664.6,0.12000000073673292,564603.1225622032,oat_n_photolysis_scale_01,4,2.5e+25,0.0001465,0.549,5e+20,0.9805247566,0.019475243399999953
50550.55055055056,300.0,0.9431941513831105,3.554251702840975e+19,0.015124475331238191,600000003683664.6,0.12000000073673292,564603.1225622032,oat_n_photolysis_scale_01,5,2.5e+25,0.0001465,0.549,5e+20,0.9805247566,0.019475243399999953
50550.55055055056,300.0,0.9425191231131548,3.554251702840975e+19,0.015124475331238191,600000003683664.6,0.12000000073673292,564603.1225622032,oat_n_photolysis_scale_01,6,2.5e+25,0.0001465,0.549,5e+20,0.9805247566,0.019475243399999953
50550.55055055056,300.0,0.9424699699296769,3.554251702840975e+19,0.015124475331238191,600000003683664.6,0.12000000073673292,564603.1225622032,oat_n_photolysis_scale_01,7,2.5e+25,0.0001465,0.549,5e+20,0.9805247566,0.019475243399999953
50550.55055055056,300.0,0.9462160508067251,4.3224736973449364e+18,0.0018393505095084836,600000003683664.6,0.12000000073673292,564603.1225622032,oat_n_photolysis_scale_02,0,2.5e+25,0.0001465,0.61,5e+20,0.9805247566,0.019475243399999953
50550.55055055056,300.0,0.9463006295671574,4.3224736973449364e+18,0.0018393505095084836,600000003683664.6,0.12000000073673292,564603.1225622032,oat_n_photolysis_scale_02,1,2.5e+25,0.0001465,0.61,5e+20,0.9805247566,0.019475243399999953
50550.55055055056,300.0,0.9444252432583514,4.3224736973449364e+18,0.0018393505095084836,600000003683664.6,0.12000000073673292,564603.1225622032,oat_n_photolysis_scale_02,2,2.5e+25,0.0001465,0.61,5e+20,0.9805247566,0.019475243399999953
50550.55055055056,300.0,0.9444841367690439,4.3224736973449364e+18,0.0018393505095084836,600000003683664.6,0.12000000073673292,564603.1225622032,oat_n_photolysis_scale_02,3,2.5e+25,0.0001465,0.61,5e+20,0.9805247566,0.019475243399999953
50550.55055055056,300.0,0.9431812980285696,4.3224736973449364e+18,0.0018393505095084836,600000003683664.6,0.12000000073673292,564603.1225622032,oat_n_photolysis_scale_02,4,2.5e+25,0.0001465,0.61,5e+20,0.9805247566,0.019475243399999953
50550.55055055056,300.0,0.9431941513831105,4.3224736973449364e+18,0.0018393505095084836,600000003683664.6,0.12000000073673292,564603.1225622032,oat_n_photolysis_scale_02,5,2.5e+25,0.0001465,0.61,5e+20,0.9805247566,0.019475243399999953
50550.55055055056,300.0,0.9425191231131548,4.3224736973449364e+18,0.0018393505095084836,600000003683664.6,0.12000000073673292,564603.1225622032,oat_n_photolysis_scale_02,6,2.5e+25,0.0001465,0.61,5e+20,0.9805247566,0.019475243399999953
50550.55055055056,300.0,0.9424699699296769,4.3224736973449364e+18,0.0018393505095084836,600000003683664.6,0.12000000073673292,564603.1225622032,oat_n_photolysis_scale_02,7,2.5e+25,0.0001465,0.61,5e+20,0.9805247566,0.019475243399999953
50550.55055055056,300.0,0.9462160508067251,6.360530187077292e+17,0.0002706608590245656,600000003683664.6,0.12000000073673292,564603.1225622032,oat_n_photolysis_scale_03,0,2.5e+25,0.0001465,0.671,5e+20,0.9805247566,0.019475243399999953
50550.55055055056,300.0,0.9463006295671574,6.360530187077292e+17,0.0002706608590245656,600000003683664.6,0.12000000073673292,564603.1225622032,oat_n_photolysis_scale_03,1,2.5e+25,0.0001465,0.671,5e+20,0.9805247566,0.019475243399999953
50550.55055055056,300.0,0.9444252432583514,6.360530187077292e+17,0.0002706608590245656,600000003683664.6,0.12000000073673292,564603.1225622032,oat_n_photolysis_scale_03,2,2.5e+25,0.0001465,0.671,5e+20,0.9805247566,0.019475243399999953
50550.55055055056,300.0,0.9444841367690439,6.360530187077292e+17,0.0002706608590245656,600000003683664.6,0.12000000073673292,564603.1225622032,oat_n_photolysis_scale_03,3,2.5e+25,0.0001465,0.671,5e+20,0.9805247566,0.019475243399999953
50550.55055055056,300.0,0.9431812980285696,6.360530187077292e+17,0.0002706608590245656,600000003683664.6,0.12000000073673292,564603.1225622032,oat_n_photolysis_scale_03,4,2.5e+25,0.0001465,0.671,5e+20,0.9805247566,0.019475243399999953
50550.55055055056,300.0,0.9431941513831105,6.360530187077292e+17,0.0002706608590245656,600000003683664.6,0.12000000073673292,564603.1225622032,oat_n_photolysis_scale_03,5,2.5e+25,0.0001465,0.671,5e+20,0.9805247566,0.019475243399999953
50550.55055055056,300.0,0.9425191231131548,6.360530187077292e+17,0.0002706608590245656,600000003683664.6,0.12000000073673292,564603.1225622032,oat_n_photolysis_scale_03,6,2.5e+25,0.0001465,0.671,5e+20,0.9805247566,0.019475243399999953
50550.55055055056,300.0,0.9424699699296769,6.360530187077292e+17,0.0002706608590245656,600000003683664.6,0.12000000073673292,564603.1225622032,oat_n_photolysis_scale_03,7,2.5e+25,0.0001465,0.671,5e+20,0.9805247566,0.019475243399999953
50550.55055055056,300.0,0.9462160508067251,1.2390746212591682e+17,5.272657962804971e-05,600000003683664.6,0.12000000073673292,564603.1225622032,oat_n_photolysis_scale_04,0,2.5e+25,0.0001465,0.732,5e+20,0.9805247566,0.019475243399999953
50550.55055055056,300.0,0.9463006295671574,1.2390746212591682e+17,5.272657962804971e-05,600000003683664.6,0.12000000073673292,564603.1225622032,oat_n_photolysis_scale_04,1,2.5e+25,0.0001465,0.732,5e+20,0.9805247566,0.019475243399999953
50550.55055055056,300.0,0.9444252432583514,1.2390746212591682e+17,5.272657962804971e-05,600000003683664.6,0.12000000073673292,564603.1225622032,oat_n_photolysis_scale_04,2,2.5e+25,0.0001465,0.732,5e+20,0.9805247566,0.019475243399999953
50550.55055055056,300.0,0.9444841367690439,1.2390746212591682e+17,5.272657962804971e-05,600000003683664.6,0.12000000073673292,564603.1225622032,oat_n_photolysis_scale_04,3,2.5e+25,0.0001465,0.732,5e+20,0.9805247566,0.019475243399999953
50550.55055055056,300.0,0.9431812980285696,1.2390746212591682e+17,5.272657962804971e-05,600000003683664.6,0.12000000073673292,564603.1225622032,oat_n_photolysis_scale_04,4,2.5e+25,0.0001465,0.732,5e+20,0.9805247566,0.019475243399999953
50550.55055055056,300.0,0.9431941513831105,1.2390746212591682e+17,5.272657962804971e-05,600000003683664.6,0.12000000073673292,564603.1225622032,oat_n_photolysis_scale_04,5,2.5e+25,0.0001465,0.732,5e+20,0.9805247566,0.019475243399999953
50550.55055055056,300.0,0.9425191231131548,1.2390746212591682e+17,5.272657962804971e-05,600000003683664.6,0.12000000073673292,564603.1225622032,oat_n_photolysis_scale_04,6,2.5e+25,0.0001465,0.732,5e+20,0.9805247566,0.019475243399999953
50550.55055055056,300.0,0.9424699699296769,1.2390746212591682e+17,5.272657962804971e-05,600000003683664.6,0.12000000073673292,564603.1225622032,oat_n_photolysis_scale_04,7,2.5e+25,0.0001465,0.732,5e+20,0.9805247566,0.019475243399999953
50550.55055055056,300.0,0.9462160508067251,5.680302524717729e+19,0.024171500105181827,600045515107790.1,0.12000910302155803,451682.9012497625,oat_h2_reservoir_kg_00,0,2.5e+25,0.0001465,0.61,4e+20,0.9805247566,0.019475243399999953
50550.55055055056,300.0,0.9463006295671574,5.680302524717729e+19,0.024171500105181827,600045515107790.1,0.12000910302155803,451682.9012497625,oat_h2_reservoir_kg_00,1,2.5e+25,0.0001465,0.61,4e+20,0.9805247566,0.019475243399999953
50550.55055055056,300.0,0.9444252432583514,5.680302524717729e+19,0.024171500105181827,600045515107790.1,0.12000910302155803,451682.9012497625,oat_h2_reservoir_kg_00,2,2.5e+25,0.0001465,0.61,4e+20,0.9805247566,0.019475243399999953
50550.55055055056,300.0,0.9444841367690439,5.680302524717729e+19,0.024171500105181827,600045515107790.1,0.12000910302155803,451682.9012497625,oat_h2_reservoir_kg_00,3,2.5e+25,0.0001465,0.61,4e+20,0.9805247566,0.019475243399999953
50550.55055055056,300.0,0.9431812980285696,5.680302524717729e+19,0.024171500105181827,600045515107790.1,0.12000910302155803,451682.9012497625,oat_h2_reservoir_kg_00,4,2.5e+25,0.0001465,0.61,4e+20,0.9805247566,0.019475243399999953
50550.55055055056,300.0,0.9431941513831105,5.680302524717729e+19,0.024171500105181827,600045515107790.1,0.12000910302155803,451682.9012497625,oat_h2_reservoir_kg_00,5,2.5e+25,0.0001465,0.61,4e+20,0.9805247566,0.019475243399999953
50550.55055055056,300.0,0.9425191231131548,5.680302524717729e+19,0.024171500105181827,600045515107790.1,0.12000910302155803,451682.9012497625,oat_h2_reservoir_kg_00,6,2.5e+25,0.0001465,0.61,4e+20,0.9805247566,0.019475243399999953
50550.55055055056,300.0,0.9424699699296769,5.680302524717729e+19,0.024171500105181827,600045515107790.1,0.12000910302155803,451682.9012497625,oat_h2_reservoir_kg_00,7,2.5e+25,0.0001465,0.61,4e+20,0.9805247566,0.019475243399999953
50550.55055055056,300.0,0.9462160508067251,1.4138121723909966e+19,0.006016222010174453,600020230563980.1,0.12000404611279603,508143.0119059829,oat_h2_reservoir_kg_01,0,2.5e+25,0.0001465,0.61,4.5e+20,0.9805247566,0.019475243399999953
50550.55055055056,300.0,0.9463006295671574,1.4138121723909966e+19,0.006016222010174453,600020230563980.1,0.12000404611279603,508143.0119059829,oat_h2_reservoir_kg_01,1,2.5e+25,0.0001465,0.61,4.5e+20,0.9805247566,0.019475243399999953
50550.55055055056,300.0,0.9444252432583514,1.4138121723909966e+19,0.006016222010174453,600020230563980.1,0.12000404611279603,508143.0119059829,oat_h2_reservoir_kg_01,2,2.5e+25,0.0001465,0.61,4.5e+20,0.9805247566,0.019475243399999953
50550.55055055056,300.0,0.9444841367690439,1.4138121723909966e+19,0.006016222010174453,600020230563980.1,0.12000404611279603,508143.0119059829,oat_h2_reservoir_kg_01,3,2.5e+25,0.0001465,0.61,4.5e+20,0.9805247566,0.019475243399999953
50550.55055055056,300.0,0.9431812980285696,1.4138121723909966e+19,0.006016222010174453,600020230563980.1,0.12000404611279603,508143.0119059829,oat_h2_reservoir_kg_01,4,2.5e+25,0.0001465,0.61,4.5e+20,0.9805247566,0.019475243399999953
50550.55055055056,300.0,0.9431941513831105,1.4138121723909966e+19,0.006016222010174453,600020230563980.1,0.12000404611279603,508143.0119059829,oat_h2_reservoir_kg_01,5,2.5e+25,0.0001465,0.61,4.5e+20,0.9805247566,0.019475243399999953
50550.55055055056,300.0,0.9425191231131548,1.4138121723909966e+19,0.006016222010174453,600020230563980.1,0.12000404611279603,508143.0119059829,oat_h2_reservoir_kg_01,6,2.5e+25,0.0001465,0.61,4.5e+20,0.9805247566,0.019475243399999953
50550.55055055056,300.0,0.9424699699296769,1.4138121723909966e+19,0.006016222010174453,600020230563980.1,0.12000404611279603,508143.0119059829,oat_h2_reservoir_kg_01,7,2.5e+25,0.0001465,0.61,4.5e+20,0.9805247566,0.019475243399999953
50550.55055055056,300.0,0.9462160508067251,4.3224736973449364e+18,0.0018393505095084836,600000003683664.6,0.12000000073673292,564603.1225622032,oat_h2_reservoir_kg_02,0,2.5e+25,0.0001465,0.61,5e+20,0.9805247566,0.019475243399999953
50550.55055055056,300.0,0.9463006295671574,4.3224736973449364e+18,0.0018393505095084836,600000003683664.6,0.12000000073673292,564603.1225622032,oat_h2_reservoir_kg_02,1,2.5e+25,0.0001465,0.61,5e+20,0.9805247566,0.019475243399999953
50550.55055055056,300.0,0.9444252432583514,4.3224736973449364e+18,0.0018393505095084836,600000003683664.6,0.12000000073673292,564603.1225622032,oat_h2_reservoir_kg_02,2,2.5e+25,0.0001465,0.61,5e+20,0.9805247566,0.019475243399999953
50550.55055055056,300.0,0.9444841367690439,4.3224736973449364e+18,0.0018393505095084836,600000003683664.6,0.12000000073673292,564603.1225622032,oat_h2_reservoir_kg_02,3,2.5e+25,0.0001465,0.61,5e+20,0.9805247566,0.019475243399999953
50550.55055055056,300.0,0.9431812980285696,4.3224736973449364e+18,0.0018393505095084836,600000003683664.6,0.12000000073673292,564603.1225622032,oat_h2_reservoir_kg_02,4,2.5e+25,0.0001465,0.61,5e+20,0.9805247566,0.019475243399999953
50550.55055055056,300.0,0.9431941513831105,4.3224736973449364e+18,0.0018393505095084836,600000003683664.6,0.12000000073673292,564603.1225622032,oat_h2_reservoir_kg_02,5,2.5e+25,0.0001465,0.61,5e+20,0.9805247566,0.019475243399999953
50550.55055055056,300.0,0.9425191231131548,4.3224736973449364e+18,0.0018393505095084836,600000003683664.6,0.12000000073673292,564603.1225622032,oat_h2_reservoir_kg_02,6,2.5e+25,0.0001465,0.61,5e+20,0.9805247566,0.019475243399999953
50550.55055055056,300.0,0.9424699699296769,4.3224736973449364e+18,0.0018393505095084836,600000003683664.6,0.12000000073673292,564603.1225622032,oat_h2_reservoir_kg_02,7,2.5e+25,0.0001465,0.61,5e+20,0.9805247566,0.019475243399999953
50550.55055055056,300.0,0.9462160508067251,1.9131335620913626e+18,0.0008140993881239841,599983454916933.1,0.11999669098338663,621063.2332184236,oat_h2_reservoir_kg_03,0,2.5e+25,0.0001465,0.61,5.5000000000000007e+20,0.9805247566,0.019475243399999953
50550.55055055056,300.0,0.9463006295671574,1.9131335620913626e+18,0.0008140993881239841,599983454916933.1,0.11999669098338663,621063.2332184236,oat_h2_reservoir_kg_03,1,2.5e+25,0.0001465,0.61,5.5000000000000007e+20,0.9805247566,0.019475243399999953
50550.55055055056,300.0,0.9444252432583514,1.9131335620913626e+18,0.0008140993881239841,599983454916933.1,0.11999669098338663,621063.2332184236,oat_h2_reservoir_kg_03,2,2.5e+25,0.0001465,0.61,5.5000000000000007e+20,0.9805247566,0.019475243399999953
50550.55055055056,300.0,0.9444841367690439,1.9131335620913626e+18,0.0008140993881239841,599983454916933.1,0.11999669098338663,621063.2332184236,oat_h2_reservoir_kg_03,3,2.5e+25,0.0001465,0.61,5.5000000000000007e+20,0.9805247566,0.019475243399999953
50550.55055055056,300.0,0.9431812980285696,1.9131335620913626e+18,0.0008140993881239841,599983454916933.1,0.11999669098338663,621063.2332184236,oat_h2_reservoir_kg_03,4,2.5e+25,0.0001465,0.61,5.5000000000000007e+20,0.9805247566,0.019475243399999953
50550.55055055056,300.0,0.9431941513831105,1.9131335620913626e+18,0.0008140993881239841,599983454916933.1,0.11999669098338663,621063.2332184236,oat_h2_reservoir_kg_03,5,2.5e+25,0.0001465,0.61,5.5000000000000007e+20,0.9805247566,0.019475243399999953
50550.55055055056,300.0,0.9425191231131548,1.9131335620913626e+18,0.0008140993881239841,599983454916933.1,0.11999669098338663,621063.2332184236,oat_h2_reservoir_kg_03,6,2.5e+25,0.0001465,0.61,5.5000000000000007e+20,0.9805247566,0.019475243399999953
50550.55055055056,300.0,0.9424699699296769,1.9131335620913626e+18,0.0008140993881239841,599983454916933.1,0.11999669098338663,621063.2332184236,oat_h2_reservoir_kg_03,7,2.5e+25,0.0001465,0.61,5.5000000000000007e+20,0.9805247566,0.019475243399999953
50550.55055055056,300.0,0.9462160508067251,1.0812147525316969e+18,0.00046009138405604124,599969664621032.8,0.11999393292420656,677523.3438746439,oat_h2_reservoir_kg_04,0,2.5e+25,0.0001465,0.61,6e+20,0.9805247566,0.019475243399999953
50550.55055055056,300.0,0.9463006295671574,1.0812147525316969e+18,0.00046009138405604124,599969664621032.8,0.11999393292420656,677523.3438746439,oat_h2_reservoir_kg_04,1,2.5e+25,0.0001465,0.61,6e+20,0.9805247566,0.019475243399999953
50550.55055055056,300.0,0.9444252432583514,1.0812147525316969e+18,0.00046009138405604124,599969664621032.8,0.11999393292420656,677523.3438746439,oat_h2_reservoir_kg_04,2,2.5e+25,0.0001465,0.61,6e+20,0.9805247566,0.019475243399999953
50550.55055055056,300.0,0.9444841367690439,1.0812147525316969e+18,0.00046009138405604124,599969664621032.8,0.11999393292420656,677523.3438746439,oat_h2_reservoir_kg_04,3,2.5e+25,0.0001465,0.61,6e+20,0.9805247566,0.019475243399999953
50550.55055055056,300.0,0.9431812980285696,1.0812147525316969e+18,0.00046009138405604124,599969664621032.8,0.11999393292420656,677523.3438746439,oat_h2_reservoir_kg_04,4,2.5e+25,0.0001465,0.61,6e+20,0.9805247566,0.019475243399999953
50550.55055055056,300.0,0.9431941513831105,1.0812147525316969e+18,0.00046009138405604124,599969664621032.8,0.11999393292420656,677523.3438746439,oat_h2_reservoir_kg_04,5,2.5e+25,0.0001465,0.61,6e+20,0.9805247566,0.019475243399999953
50550.55055055056,300.0,0.9425191231131548,1.0812147525316969e+18,0.00046009138405604124,599969664621032.8,0.11999393292420656,677523.3438746439,oat_h2_reservoir_kg_04,6,2.5e+25,0.0001465,0.61,6e+20,0.9805247566,0.019475243399999953
50550.55055055056,300.0,0.9424699699296769,1.0812147525316969e+18,0.00046009138405604124,599969664621032.8,0.11999393292420656,677523.3438746439,oat_h2_reservoir_kg_04,7,2.5e+25,0.0001465,0.61,6e+20,0.9805247566,0.019475243399999953
50550.55055055056,300.0,0.9462160508067251,4.3224736973449364e+18,0.0018393505095084836,600000003683664.6,0.12000000073673292,564603.1225622032,oat_c_eff_00,0,2.5e+25,0.0001465,0.61,5e+20,0.9805247566,0.019475243399999953
50550.55055055056,300.0,0.9463006295671574,4.3224736973449364e+18,0.0018393505095084836,600000003683664.6,0.12000000073673292,564603.1225622032,oat_c_eff_00,1,2.5e+25,0.0001465,0.61,5e+20,0.9805247566,0.019475243399999953
50550.55055055056,300.0,0.9444252432583514,4.3224736973449364e+18,0.0018393505095084836,600000003683664.6,0.12000000073673292,564603.1225622032,oat_c_eff_00,2,2.5e+25,0.0001465,0.61,5e+20,0.9805247566,0.019475243399999953
50550.55055055056,300.0,0.9444841367690439,4.3224736973449364e+18,0.0018393505095084836,600000003683664.6,0.12000000073673292,564603.1225622032,oat_c_eff_00,3,2.5e+25,0.0001465,0.61,5e+20,0.9805247566,0.019475243399999953
50550.55055055056,300.0,0.9431812980285696,4.3224736973449364e+18,0.0018393505095084836,600000003683664.6,0.12000000073673292,564603.1225622032,oat_c_eff_00,4,2.5e+25,0.0001465,0.61,5e+20,0.9805247566,0.019475243399999953
50550.55055055056,300.0,0.9431941513831105,4.3224736973449364e+18,0.0018393505095084836,600000003683664.6,0.12000000073673292,564603.1225622032,oat_c_eff_00,5,2.5e+25,0.0001465,0.61,5e+20,0.9805247566,0.019475243399999953
50550.55055055056,300.0,0.9425191231131548,4.3224736973449364e+18,0.0018393505095084836,600000003683664.6,0.12000000073673292,564603.1225622032,oat_c_eff_00,6,2.5e+25,0.0001465,0.61,5e+20,0.9805247566,0.019475243399999953
50550.55055055056,300.0,0.9424699699296769,4.3224736973449364e+18,0.0018393505095084836,600000003683664.6,0.12000000073673292,564603.1225622032,oat_c_eff_00,7,2.5e+25,0.0001465,0.61,5e+20,0.9805247566,0.019475243399999953
55555.55555555556,458.70391581958984,0.9462216478854565,5.1085697817950394e+17,0.00021738594816149103,599986774891026.4,0.11999735497820528,564603.1225622032,oat_c_eff_01,0,2.75e+25,0.0001465,0.61,5e+20,0.9805247566,0.019475243399999953
55555.55555555556,458.70391581958984,0.9463063158001527,5.1085697817950394e+17,0.00021738594816149103,599986774891026.4,0.11999735497820528,564603.1225622032,oat_c_eff_01,1,2.75e+25,0.0001465,0.61,5e+20,0.9805247566,0.019475243399999953
55555.55555555556,458.70391581958984,0.9444290165578377,5.1085697817950394e+17,0.00021738594816149103,599986774891026.4,0.11999735497820528,564603.1225622032,oat_c_eff_01,2,2.75e+25,0.0001465,0.61,5e+20,0.9805247566,0.019475243399999953
55555.55555555556,458.70391581958984,0.9444879681640682,5.1085697817950394e+17,0.00021738594816149103,599986774891026.4,0.11999735497820528,564603.1225622032,oat_c_eff_01,3,2.75e+25,0.0001465,0.61,5e+20,0.9805247566,0.019475243399999953
55555.55555555556,458.70391581958984,0.943183872666593,5.1085697817950394e+17,0.00021738594816149103,599986774891026.4,0.11999735497820528,564603.1225622032,oat_c_eff_01,4,2.75e+25,0.0001465,0.61,5e+20,0.9805247566,0.019475243399999953
55555.55555555556,458.70391581958984,0.9431967381348563,5.1085697817950394e+17,0.00021738594816149103,599986774891026.4,0.11999735497820528,564603.1225622032,oat_c_eff_01,5,2.75e+25,0.0001465,0.61,5e+20,0.9805247566,0.019475243399999953
55555.55555555556,458.70391581958984,0.9425210811196514,5.1085697817950394e+17,0.00021738594816149103,599986774891026.4,0.11999735497820528,564603.1225622032,oat_c_eff_01,6,2.75e+25,0.0001465,0.61,5e+20,0.9805247566,0.019475243399999953
55555.55555555556,458.70391581958984,0.9424718827387683,5.1085697817950394e+17,0.00021738594816149103,599986774891026.4,0.11999735497820528,564603.1225622032,oat_c_eff_01,7,2.75e+25,0.0001465,0.61,5e+20,0.9805247566,0.019475243399999953
63163.16316316317,739.6594459212134,0.9462268227439724,3.9526468906722776e+16,1.6819774002860756e-05,599976169518672.9,0.11999523390373458,564603.1225622032,oat_c_eff_02,0,3.125e+25,0.0001465,0.61,5e+20,0.9805247566,0.019475243399999953
63163.16316316317,739.6594459212134,0.9463115730927214,3.9526468906722776e+16,1.6819774002860756e-05,599976169518672.9,0.11999523390373458,564603.1225622032,oat_c_eff_02,1,3.125e+25,0.0001465,0.61,5e+20,0.9805247566,0.019475243399999953
63163.16316316317,739.6594459212134,0.9444325051444921,3.9526468906722776e+16,1.6819774002860756e-05,599976169518672.9,0.11999523390373458,564603.1225622032,oat_c_eff_02,2,3.125e+25,0.0001465,0.61,5e+20,0.9805247566,0.019475243399999953
63163.16316316317,739.6594459212134,0.9444915104649815,3.9526468906722776e+16,1.6819774002860756e-05,599976169518672.9,0.11999523390373458,564603.1225622032,oat_c_eff_02,3,3.125e+25,0.0001465,0.61,5e+20,0.9805247566,0.019475243399999953
63163.16316316317,739.6594459212134,0.9431862530044264,3.9526468906722776e+16,1.6819774002860756e-05,599976169518672.9,0.11999523390373458,564603.1225622032,oat_c_eff_02,4,3.125e+25,0.0001465,0.61,5e+20,0.9805247566,0.019475243399999953
63163.16316316317,739.6594459212134,0.9431991296725497,3.9526468906722776e+16,1.6819774002860756e-05,599976169518672.9,0.11999523390373458,564603.1225622032,oat_c_eff_02,5,3.125e+25,0.0001465,0.61,5e+20,0.9805247566,0.019475243399999953
63163.16316316317,739.6594459212134,0.9425228913487856,3.9526468906722776e+16,1.6819774002860756e-05,599976169518672.9,0.11999523390373458,564603.1225622032,oat_c_eff_02,6,3.125e+25,0.0001465,0.61,5e+20,0.9805247566,0.019475243399999953
63163.16316316317,739.6594459212134,0.9424736511808023,3.9526468906722776e+16,1.6819774002860756e-05,599976169518672.9,0.11999523390373458,564603.1225622032,oat_c_eff_02,7,3.125e+25,0.0001465,0.61,5e+20,0.9805247566,0.019475243399999953
75775.77577577578,1083.049538267724,0.946228246129082,3716042132061218.0,1.5812945242813694e-06,599967309694407.0,0.1199934619388814,564603.1225622032,oat_c_eff_03,0,3.75e+25,0.0001465,0.61,5e+20,0.9805247566,0.019475243399999953
75775.77577577578,1083.049538267724,0.9463130191528369,3716042132061218.0,1.5812945242813694e-06,599967309694407.0,0.1199934619388814,564603.1225622032,oat_c_eff_03,1,3.75e+25,0.0001465,0.61,5e+20,0.9805247566,0.019475243399999953
75775.77577577578,1083.049538267724,0.944433464695457,3716042132061218.0,1.5812945242813694e-06,599967309694407.0,0.1199934619388814,564603.1225622032,oat_c_eff_03,2,3.75e+25,0.0001465,0.61,5e+20,0.9805247566,0.019475243399999953
75775.77577577578,1083.049538267724,0.9444924847906744,3716042132061218.0,1.5812945242813694e-06,599967309694407.0,0.1199934619388814,564603.1225622032,oat_c_eff_03,3,3.75e+25,0.0001465,0.61,5e+20,0.9805247566,0.019475243399999953
75775.77577577578,1083.049538267724,0.9431869077213499,3716042132061218.0,1.5812945242813694e-06,599967309694407.0,0.1199934619388814,564603.1225622032,oat_c_eff_03,4,3.75e+25,0.0001465,0.61,5e+20,0.9805247566,0.019475243399999953
75775.77577577578,1083.049538267724,0.9431997874700729,3716042132061218.0,1.5812945242813694e-06,599967309694407.0,0.1199934619388814,564603.1225622032,oat_c_eff_03,5,3.75e+25,0.0001465,0.61,5e+20,0.9805247566,0.019475243399999953
75775.77577577578,1083.049538267724,0.9425233892540076,3716042132061218.0,1.5812945242813694e-06,599967309694407.0,0.1199934619388814,564603.1225622032,oat_c_eff_03,6,3.75e+25,0.0001465,0.61,5e+20,0.9805247566,0.019475243399999953
75775.77577577578,1083.049538267724,0.9424741375922924,3716042132061218.0,1.5812945242813694e-06,599967309694407.0,0.1199934619388814,564603.1225622032,oat_c_eff_03,7,3.75e+25,0.0001465,0.61,5e+20,0.9805247566,0.019475243399999953
,1512.2871537006708,0.9462283204171663,978096090616463.2,4.1621110238998436e-07,599959403382671.0,0.1199918806765342,564603.1225622032,oat_c_eff_04,0,5e+25,0.0001465,0.61,5e+20,0.9805247566,0.019475243399999953
,1512.2871537006708,0.9463130946243661,978096090616463.2,4.1621110238998436e-07,599959403382671.0,0.1199918806765342,564603.1225622032,oat_c_eff_04,1,5e+25,0.0001465,0.61,5e+20,0.9805247566,0.019475243399999953
,1512.2871537006708,0.9444335147753696,978096090616463.2,4.1621110238998436e-07,599959403382671.0,0.1199918806765342,564603.1225622032,oat_c_eff_04,2,5e+25,0.0001465,0.61,5e+20,0.9805247566,0.019475243399999953
,1512.2871537006708,0.9444925356416994,978096090616463.2,4.1621110238998436e-07,599959403382671.0,0.1199918806765342,564603.1225622032,oat_c_eff_04,3,5e+25,0.0001465,0.61,5e+20,0.9805247566,0.019475243399999953
,1512.2871537006708,0.9431869418916095,978096090616463.2,4.1621110238998436e-07,599959403382671.0,0.1199918806765342,564603.1225622032,oat_c_eff_04,4,5e+25,0.0001465,0.61,5e+20,0.9805247566,0.019475243399999953
,1512.2871537006708,0.9431998218011121,978096090616463.2,4.1621110238998436e-07,599959403382671.0,0.1199918806765342,564603.1225622032,oat_c_eff_04,5,5e+25,0.0001465,0.61,5e+20,0.9805247566,0.019475243399999953
,1512.2871537006708,0.9425234152400995,978096090616463.2,4.1621110238998436e-07,599959403382671.0,0.1199918806765342,564603.1225622032,oat_c_eff_04,6,5e+25,0.0001465,0.61,5e+20,0.9805247566,0.019475243399999953
,1512.2871537006708,0.9424741629785147,978096090616463.2,4.1621110238998436e-07,599959403382671.0,0.1199918806765342,564603.1225622032,oat_c_eff_04,7,5e+25,0.0001465,0.61,5e+20,0.9805247566,0.019475243399999953
50550.55055055056,300.0,0.9462160508067251,4.3224736973449364e+18,0.0018393505095084836,1.1369826283003984e-37,2.2739652566007968e-53,564603.1225622032,counterfactual_no_argon_shielding,0,2.5e+25,0.0001465,0.61,5e+20,0.0,1.0
50550.55055055056,300.0,0.9463006295671574,4.3224736973449364e+18,0.0018393505095084836,1.1369826283003984e-37,2.2739652566007968e-53,564603.1225622032,counterfactual_no_argon_shielding,1,2.5e+25,0.0001465,0.61,5e+20,0.0,1.0
50550.55055055056,300.0,0.9444252432583514,4.3224736973449364e+18,0.0018393505095084836,1.1369826283003984e-37,2.2739652566007968e-53,564603.1225622032,counterfactual_no_argon_shielding,2,2.5e+25,0.0001465,0.61,5e+20,0.0,1.0
50550.55055055056,300.0,0.9444841367690439,4.3224736973449364e+18,0.0018393505095084836,1.1369826283003984e-37,2.2739652566007968e-53,564603.1225622032,counterfactual_no_argon_shielding,3,2.5e+25,0.0001465,0.61,5e+20,0.0,1.0
50550.55055055056,300.0,0.9431812980285696,4.3224736973449364e+18,0.0018393505095084836,1.1369826283003984e-37,2.2739652566007968e-53,564603.1225622032,counterfactual_no_argon_shielding,4,2.5e+25,0.0001465,0.61,5e+20,0.0,1.0
50550.55055055056,300.0,0.9431941513831105,4.3224736973449364e+18,0.0018393505095084836,1.1369826283003984e-37,2.2739652566007968e-53,564603.1225622032,counterfactual_no_argon_shielding,5,2.5e+25,0.0001465,0.61,5e+20,0.0,1.0
50550.55055055056,300.0,0.9425191231131548,4.3224736973449364e+18,0.0018393505095084836,1.1369826283003984e-37,2.2739652566007968e-53,564603.1225622032,counterfactual_no_argon_shielding,6,2.5e+25,0.0001465,0.61,5e+20,0.0,1.0
50550.55055055056,300.0,0.9424699699296769,4.3224736973449364e+18,0.0018393505095084836,1.1369826283003984e-37,2.2739652566007968e-53,564603.1225622032,counterfactual_no_argon_shielding,7,2.5e+25,0.0001465,0.61,5e+20,0.0,1.0
50550.55055055056,300.0,0.9462160508067251,4.3224736973449364e+18,0.0018393505095084836,5000000000000000.0,1.0,564603.1225622032,counterfactual_complete_argon_shielding,0,2.5e+25,0.0001465,0.61,5e+20,1.0,0.0
50550.55055055056,300.0,0.9463006295671574,4.3224736973449364e+18,0.0018393505095084836,5000000000000000.0,1.0,564603.1225622032,counterfactual_complete_argon_shielding,1,2.5e+25,0.0001465,0.61,5e+20,1.0,0.0
50550.55055055056,300.0,0.9444252432583514,4.3224736973449364e+18,0.0018393505095084836,5000000000000000.0,1.0,564603.1225622032,counterfactual_complete_argon_shielding,2,2.5e+25,0.0001465,0.61,5e+20,1.0,0.0
50550.55055055056,300.0,0.9444841367690439,4.3224736973449364e+18,0.0018393505095084836,5000000000000000.0,1.0,564603.1225622032,counterfactual_complete_argon_shielding,3,2.5e+25,0.0001465,0.61,5e+20,1.0,0.0
50550.55055055056,300.0,0.9431812980285696,4.3224736973449364e+18,0.0018393505095084836,5000000000000000.0,1.0,564603.1225622032,counterfactual_complete_argon_shielding,4,2.5e+25,0.0001465,0.61,5e+20,1.0,0.0
50550.55055055056,300.0,0.9431941513831105,4.3224736973449364e+18,0.0018393505095084836,5000000000000000.0,1.0,564603.1225622032,counterfactual_complete_argon_shielding,5,2.5e+25,0.0001465,0.61,5e+20,1.0,0.0
50550.55055055056,300.0,0.9425191231131548,4.3224736973449364e+18,0.0018393505095084836,5000000000000000.0,1.0,564603.1225622032,counterfactual_complete_argon_shielding,6,2.5e+25,0.0001465,0.61,5e+20,1.0,0.0
50550.55055055056,300.0,0.9424699699296769,4.3224736973449364e+18,0.0018393505095084836,5000000000000000.0,1.0,564603.1225622032,counterfactual_complete_argon_shielding,7,2.5e+25,0.0001465,0.61,5e+20,1.0,0.0
50550.55055055056,300.0,0.9462160508067251,2.35e+21,1.0,600000003683664.6,0.12000000073673292,564603.1225622032,counterfactual_no_atomic_n_access,0,2.5e+25,0.0001465,0.0,5e+20,0.9805247566,0.019475243399999953
50550.55055055056,300.0,0.9463006295671574,2.35e+21,1.0,600000003683664.6,0.12000000073673292,564603.1225622032,counterfactual_no_atomic_n_access,1,2.5e+25,0.0001465,0.0,5e+20,0.9805247566,0.019475243399999953
50550.55055055056,300.0,0.9444252432583514,2.35e+21,1.0,600000003683664.6,0.12000000073673292,564603.1225622032,counterfactual_no_atomic_n_access,2,2.5e+25,0.0001465,0.0,5e+20,0.9805247566,0.019475243399999953
50550.55055055056,300.0,0.9444841367690439,2.35e+21,1.0,600000003683664.6,0.12000000073673292,564603.1225622032,counterfactual_no_atomic_n_access,3,2.5e+25,0.0001465,0.0,5e+20,0.9805247566,0.019475243399999953
50550.55055055056,300.0,0.9431812980285696,2.35e+21,1.0,600000003683664.6,0.12000000073673292,564603.1225622032,counterfactual_no_atomic_n_access,4,2.5e+25,0.0001465,0.0,5e+20,0.9805247566,0.019475243399999953
50550.55055055056,300.0,0.9431941513831105,2.35e+21,1.0,600000003683664.6,0.12000000073673292,564603.1225622032,counterfactual_no_atomic_n_access,5,2.5e+25,0.0001465,0.0,5e+20,0.9805247566,0.019475243399999953
50550.55055055056,300.0,0.9425191231131548,2.35e+21,1.0,600000003683664.6,0.12000000073673292,564603.1225622032,counterfactual_no_atomic_n_access,6,2.5e+25,0.0001465,0.0,5e+20,0.9805247566,0.019475243399999953
50550.55055055056,300.0,0.9424699699296769,2.35e+21,1.0,600000003683664.6,0.12000000073673292,564603.1225622032,counterfactual_no_atomic_n_access,7,2.5e+25,0.0001465,0.0,5e+20,0.9805247566,0.019475243399999953
50550.55055055056,300.0,0.9460421555354964,2.35e+21,1.0,5000000000000000.0,1.0,2.016,counterfactual_no_h2_escape_reservoir,0,2.5e+25,0.0001465,0.61,0.0,0.9805247566,0.019475243399999953
50550.55055055056,300.0,0.946123967285474,2.35e+21,1.0,5000000000000000.0,1.0,2.016,counterfactual_no_h2_escape_reservoir,1,2.5e+25,0.0001465,0.61,0.0,0.9805247566,0.019475243399999953
50550.55055055056,300.0,0.9443079711721134,2.35e+21,1.0,5000000000000000.0,1.0,2.016,counterfactual_no_h2_escape_reservoir,2,2.5e+25,0.0001465,0.61,0.0,0.9805247566,0.019475243399999953
50550.55055055056,300.0,0.9443650603917999,2.35e+21,1.0,5000000000000000.0,1.0,2.016,counterfactual_no_h2_escape_reservoir,3,2.5e+25,0.0001465,0.61,0.0,0.9805247566,0.019475243399999953
50550.55055055056,300.0,0.943101261819444,2.35e+21,1.0,5000000000000000.0,1.0,2.016,counterfactual_no_h2_escape_reservoir,4,2.5e+25,0.0001465,0.61,0.0,0.9805247566,0.019475243399999953
50550.55055055056,300.0,0.943113738783741,2.35e+21,1.0,5000000000000000.0,1.0,2.016,counterfactual_no_h2_escape_reservoir,5,2.5e+25,0.0001465,0.61,0.0,0.9805247566,0.019475243399999953
50550.55055055056,300.0,0.9424582487478141,2.35e+21,1.0,5000000000000000.0,1.0,2.016,counterfactual_no_h2_escape_reservoir,6,2.5e+25,0.0001465,0.61,0.0,0.9805247566,0.019475243399999953
50550.55055055056,300.0,0.942410500248247,2.35e+21,1.0,5000000000000000.0,1.0,2.016,counterfactual_no_h2_escape_reservoir,7,2.5e+25,0.0001465,0.61,0.0,0.9805247566,0.019475243399999953
50550.55055055056,300.0,1.0001838134487042,4.3224736973449364e+18,0.0018393505095084836,600000003683664.6,0.12000000073673292,564603.1225622032,counterfactual_smow_like_impactor_water,0,2.5e+25,0.0001558,0.61,5e+20,0.9805247566,0.019475243399999953
50550.55055055056,300.0,1.0001867221292262,4.3224736973449364e+18,0.0018393505095084836,600000003683664.6,0.12000000073673292,564603.1225622032,counterfactual_smow_like_impactor_water,1,2.5e+25,0.0001558,0.61,5e+20,0.9805247566,0.019475243399999953
50550.55055055056,300.0,1.0001241883896124,4.3224736973449364e+18,0.0018393505095084836,600000003683664.6,0.12000000073673292,564603.1225622032,counterfactual_smow_like_impactor_water,2,2.5e+25,0.0001558,0.61,5e+20,0.9805247566,0.019475243399999953
50550.55055055056,300.0,1.0001260914684782,4.3224736973449364e+18,0.0018393505095084836,600000003683664.6,0.12000000073673292,564603.1225622032,counterfactual_smow_like_impactor_water,3,2.5e+25,0.0001558,0.61,5e+20,0.9805247566,0.019475243399999953
50550.55055055056,300.0,1.0000848649157477,4.3224736973449364e+18,0.0018393505095084836,600000003683664.6,0.12000000073673292,564603.1225622032,counterfactual_smow_like_impactor_water,4,2.5e+25,0.0001558,0.61,5e+20,0.9805247566,0.019475243399999953
50550.55055055056,300.0,1.000085262886185,4.3224736973449364e+18,0.0018393505095084836,600000003683664.6,0.12000000073673292,564603.1225622032,counterfactual_smow_like_impactor_water,5,2.5e+25,0.0001558,0.61,5e+20,0.9805247566,0.019475243399999953
50550.55055055056,300.0,1.0000645910473185,4.3224736973449364e+18,0.0018393505095084836,600000003683664.6,0.12000000073673292,564603.1225622032,counterfactual_smow_like_impactor_water,6,2.5e+25,0.0001558,0.61,5e+20,0.9805247566,0.019475243399999953
50550.55055055056,300.0,1.000063103797564,4.3224736973449364e+18,0.0018393505095084836,600000003683664.6,0.12000000073673292,564603.1225622032,counterfactual_smow_like_impactor_water,7,2.5e+25,0.0001558,0.61,5e+20,0.9805247566,0.019475243399999953
,1512.2871537006708,0.9462283204171663,978096090616463.2,4.1621110238998436e-07,599959403382671.0,0.1199918806765342,564603.1225622032,counterfactual_double_heat_capacity,0,5e+25,0.0001465,0.61,5e+20,0.9805247566,0.019475243399999953
,1512.2871537006708,0.9463130946243661,978096090616463.2,4.1621110238998436e-07,599959403382671.0,0.1199918806765342,564603.1225622032,counterfactual_double_heat_capacity,1,5e+25,0.0001465,0.61,5e+20,0.9805247566,0.019475243399999953
,1512.2871537006708,0.9444335147753696,978096090616463.2,4.1621110238998436e-07,599959403382671.0,0.1199918806765342,564603.1225622032,counterfactual_double_heat_capacity,2,5e+25,0.0001465,0.61,5e+20,0.9805247566,0.019475243399999953
,1512.2871537006708,0.9444925356416994,978096090616463.2,4.1621110238998436e-07,599959403382671.0,0.1199918806765342,564603.1225622032,counterfactual_double_heat_capacity,3,5e+25,0.0001465,0.61,5e+20,0.9805247566,0.019475243399999953
,1512.2871537006708,0.9431869418916095,978096090616463.2,4.1621110238998436e-07,599959403382671.0,0.1199918806765342,564603.1225622032,counterfactual_double_heat_capacity,4,5e+25,0.0001465,0.61,5e+20,0.9805247566,0.019475243399999953
,1512.2871537006708,0.9431998218011121,978096090616463.2,4.1621110238998436e-07,599959403382671.0,0.1199918806765342,564603.1225622032,counterfactual_double_heat_capacity,5,5e+25,0.0001465,0.61,5e+20,0.9805247566,0.019475243399999953
,1512.2871537006708,0.9425234152400995,978096090616463.2,4.1621110238998436e-07,599959403382671.0,0.1199918806765342,564603.1225622032,counterfactual_double_heat_capacity,6,5e+25,0.0001465,0.61,5e+20,0.9805247566,0.019475243399999953
,1512.2871537006708,0.9424741629785147,978096090616463.2,4.1621110238998436e-07,599959403382671.0,0.1199918806765342,564603.1225622032,counterfactual_double_heat_capacity,7,5e+25,0.0001465,0.61,5e+20,0.9805247566,0.019475243399999953
