object_id,a_initial_AU,e_initial,i_initial_deg,a_scattered_AU,e_scattered,i_scattered_deg,perihelion_AU,aphelion_AU,v_infinity_km_s,v_esc_mut_km_s,impact_velocity_km_s,focusing_factor,collision_radius_m,encounter_miss_distance_m,contact_angle_deg,inferred_impact_age_Ga,importance_weight
166,31.85765351594863,0.07988115712215116,11.230564946792388,10.536470996131388,0.999999,15.650740652891095,1.0536470996434371e-05,21.072931455791778,69.91291674691864,9.55,70.56216002973248,1.0186591519284502,6430164.01642604,4332536.710196086,42.35973252200256,4.173602661377843,8.821716694755512e-35
279,19.652386323900924,0.056294136845114445,2.5627936305402916,13.253229588531662,0.981987342792512,11.261286817781668,0.23872588147035825,26.267733295592965,65.29736762980939,9.55,65.9920352723151,1.0213902271165682,6438778.039315377,2431000.529627596,22.182389598071254,4.102880235358588,2.4858765605310954e-20
361,15.175063278315164,0.2270181342737195,11.510035484511288,13.566297467456808,0.999999,20.28016661762929,1.3566297467846916e-05,27.132581368616147,17.365126923470118,9.55,19.817924539876184,1.3024480712119035,7270894.00497859,5678841.893872019,51.35567915747045,4.08540485503393,1.6946085567429598e-34
368,30.19678191270604,0.056221038292612296,6.08187821958044,6.921296695702541,0.999999,1.7327488931500952,6.921296695901567e-06,13.842586470108385,14.21733821000506,9.55,17.127031435063987,1.4512011039931143,7674876.665450995,6907990.194843104,64.16836566777933,3.9964411211599233,8.297378323238149e-35
2161,41.79782441407406,0.08170766309812098,5.864987296424177,2.9737915858500896,0.7137424881746609,1.4326088622006852,0.8512701800525759,5.096312991647603,68.00103623149991,9.55,68.66835827772326,1.019723122934414,6433521.2348531755,6093435.563025213,71.28717458230852,4.115447077429404,0.1993997219985743
3472,16.34688116693752,0.1387966915090798,2.298905753087439,3.956501033267963,0.999999,0.8529674831184639,3.956501033381735e-06,7.912998110034892,19.14342021241906,9.55,21.393294216395347,1.2488672094618416,7119766.266439366,6510477.089916838,66.12389918685884,4.090149972711483,1.6372265231906945e-34
4204,32.26953471902263,0.0759436044554943,6.249531792281746,21.908427134012992,0.999999,5.660747452836193,2.1908427134642984e-05,43.81683235959885,13.268703552218415,9.55,16.348118973039487,1.518023856448837,7849588.73844317,7231479.850291899,67.11038039571382,4.112765549433155,1.9854187276170284e-34
4687,34.48712111041898,0.06008220322086044,1.5183895323046455,70.49982455084755,0.999999,6.991943963668767,7.049982455287482e-05,140.99957860187052,12.95789509394972,9.55,16.096879985444577,1.5431725622687325,7914342.695608904,2074757.697260753,15.197769585915408,4.042271765670941,1.5876083460006014e-34
5318,31.39741679794575,0.056245537025335156,11.935492718595786,2.471594973701231,0.9255861156147039,8.796181849026333,0.18392098262028225,4.75926896478218,13.832456250597112,9.55,16.808906743886798,1.476659367720008,7741903.746175232,4333995.7323152535,34.04266432038389,4.017554244619637,2.4668951666581652e-23
6547,19.83999827669915,0.0954283960607079,4.793959865891291,3.3118294542264253,0.999999,15.77882753435086,3.311829454321659e-06,6.623655596623395,31.621584205287913,9.55,33.0322128785238,1.0912093783133678,6655208.255311985,6304806.865944624,71.32485974958188,4.0955711252850495,1.4390744143906932e-34
6575,19.59588192632716,0.1502217802259384,0.04397239227457192,1.801036678488722,0.6881025378814702,9.988910197200246,0.5617387692030188,3.0403345877744252,58.795832090755894,9.55,59.56636946502918,1.0263823611556075,6454493.904872672,5511695.090136745,58.64188147318105,4.245587654371536,6.685502986962261e-08
7001,37.601306990447675,0.09300345005074416,11.398836633900219,11.055542819216477,0.999999,12.305619173413216,1.1055542819534386e-05,22.111074582890133,42.11938937478603,9.55,43.18848760149906,1.0514094088978088,6532712.334948192,3638191.407216132,33.84299045750697,4.1376577734173505,1.2445795702357193e-34
7097,25.444088598229747,0.08298342640597403,2.274645568068838,2.3023905206799635,0.7234145195198474,2.8951177146682396,0.6368077884152165,3.9679732529447107,7.891998986361564,9.55,12.388952659556494,2.464308898523866,10001270.59448894,4748145.074205999,28.34334627350891,4.224121355585756,2.7751693129672313e-05
7320,33.524213826241414,0.07444293629764402,5.039839237000342,5.868091470926187,0.8311306714364839,14.874778640010131,0.9909406666446008,10.745242275207772,60.289256392863244,9.55,61.040944753537374,1.0250915152412907,6450433.830045079,3556360.9220935646,33.45876480500658,4.0587080059307095,1.0
7807,16.593636903983956,0.09281402849157397,15.79216911425075,7.537728403795194,0.907101970108395,2.45837712620461,0.700240118570566,14.37521668901982,65.38189549472355,9.55,66.07567448375347,1.021334954890268,6438603.820685597,2281771.5211550226,20.756013216245176,4.174707340727599,0.0006621070605041212
7868,41.13757477431772,0.04013322359212101,1.9284064583833749,6.391316522127316,0.999999,3.657887137480424,6.391316522311103e-06,12.78262665293811,49.51688723895736,9.55,50.42940235453538,1.037196328214422,6488407.093327418,6246053.40878714,74.29078228858627,4.092584887879918,1.3647247213370842e-34
8064,16.15119310452058,0.11495935865224896,6.641252736645886,2.290572516531697,0.6890728245770781,13.143491253806541,0.7122012426665747,3.8689437903968193,66.06669595943113,9.55,66.75335808029372,1.0208949611112728,6437216.7875733,4010349.3330487744,38.53512497559869,4.091269569628958,0.0017618568642175207
8729,21.085659754678257,0.11977101628044898,12.18029834529103,87.19033362418355,0.999999,12.658022748704028,8.719033362669076e-05,174.38058005803347,70.62075353124814,9.55,71.26354839131501,1.018286982476298,6428989.271548539,3466809.3715146617,32.632353294932635,4.03307951564501,9.604070953678576e-35
8888,18.140288641372372,0.07965456073481537,4.632898195352321,4.708171905756673,0.7780507650780057,13.158828033717558,1.0449751523639212,8.371368659149425,65.10116638006608,9.55,65.79790546852571,1.021519352711308,6439185.0261585405,2814065.023604586,25.91402193769115,4.198128356740122,0.46108110728223783
9054,16.11049446337597,0.11746815334874323,4.951085681981938,5.19263244987169,0.8475177126042002,17.808294516713495,0.7917844735620911,9.593480426181289,68.89070246411946,9.55,69.54948875441022,1.0192169967546376,6431924.439805625,2162872.5569797116,19.649872710967532,4.080218514189314,0.037488947951911135
9778,18.92499909997814,0.08193468347680001,10.804648567064088,2.053426532863292,0.6491656348437962,28.774661121536923,0.7204125940519978,3.3864404716745864,30.692232240171577,9.55,32.14367153709463,1.0968165921204684,6672285.344393872,5113209.864731353,50.02596065035144,4.056078431443846,0.0023568571148940287
10569,15.781955388333797,0.11895941313544782,11.7267150335718,3.46445726724593,0.9125472376570292,18.865764116260927,0.3029763580398365,6.625938176452024,66.66051696377514,9.55,67.34112429918106,1.020524348884784,6436048.240418349,1822971.0761057828,16.45390355127528,4.3115542950521135,1.1374388204420407e-18
11182,26.472997290784143,0.09494153905138725,7.458509502632357,2.2228371055259992,0.6250289568982765,2.047617431048395,0.8334995481042997,3.612174662947699,66.00958246548363,9.55,66.69683258796842,1.0209311346626422,6437330.832082448,4167911.1415231577,40.350333419492785,3.990331180258641,0.0513089007007926
12569,22.722270077306018,0.09051034381269844,8.526241002638985,1.7010217543385768,0.9228995027100744,32.69211411150399,0.13114962316048598,3.2708938855166676,20.580577034036242,9.55,22.68838141106368,1.215323608165382,7023499.76537748,5297614.219428709,48.96161301690807,4.171438940076572,2.2293422776363335e-26
12674,18.086704347670757,0.1616516744604779,7.705816551806018,13.169391628163744,0.999999,2.8073680182698215,1.3169391628542438e-05,26.33877008693586,71.02877308966968,9.55,71.66790848506592,1.0180774894687157,6428327.916940489,5249690.859971994,54.750789974573095,4.1439834874943715,1.1578510236784005e-34
13303,17.684723158564267,0.1259749818124685,14.200114448717285,3.0610586290937185,0.9135068093409071,2.873401389470816,0.2647607276248645,5.857356530562573,58.84738515053623,9.55,59.617256218779076,1.026336157040115,6454348.623957177,4637279.304861884,45.928604122172224,4.104236185074397,5.238231329735541e-19
13939,15.263751293483162,0.034847328084046204,6.933013053498279,4.295067505812994,0.999999,7.5172324743489,4.295067505936502e-06,8.59013071655848,57.666659211426776,9.55,58.45208366351736,1.0274256644804223,6457773.523084159,1636433.4525547775,14.679106855293117,4.067364890765866,1.2488821150755323e-34
14166,30.87504465923123,0.08417910307228929,6.38535083769337,2.915352347538461,0.7469592930555721,14.152563538721079,0.7377028190132298,5.093001876063693,24.737331331993463,9.55,26.516750582015614,1.1490393854330818,6829282.2572792685,5263205.9062600285,50.41518455123587,4.086684857730593,0.005886611947296848
14600,20.109962868636206,0.1076541406786212,11.542360464171434,2.557921639212281,0.8615293793393198,1.777471582585573,0.35419699698310897,4.761646281441454,65.97962682119785,9.55,66.66718574729649,1.020950145014449,6437390.765289491,3243002.7588469763,30.250131999571785,4.126833051993307,7.653501707689272e-15
15844,26.267446681810785,0.09466061556718788,1.6100454396752322,5.686369515038506,0.999999,5.192133984879288,5.6863695152020215e-06,11.372733343707496,45.97429181794329,9.55,46.95570261599125,1.0431495873568732,6507001.403112928,3360204.8629141124,31.090969298670625,4.177233676381066,8.648862784997339e-35
16651,21.88162138736513,0.06513310283350995,4.187708173353532,1.9752031885411152,0.6703289548568284,0.8308578121562489,0.6511672995364745,3.2992390775457556,8.860078015714475,9.55,13.027028918542667,2.1618007464355675,9367321.720286526,5723482.99895799,37.66222655629605,3.9688223380286756,4.7010127716882675e-05
18442,15.525068065474525,0.060507297328857214,15.271840371773596,2.891358867256447,0.999999,27.91828155454059,2.89135886733959e-06,5.782714843154026,59.965823422524785,9.55,60.72151578099333,1.0253629134678883,6451287.666224135,4444100.594063167,43.540751241214245,4.095866012984267,1.3524147822457796e-34
19443,32.62991447466949,0.06674783316222119,3.657189312651145,1.8449436348663901,0.6507574211927666,3.0936035506206268,0.644332872794729,3.045554396938051,22.159067615697513,9.55,24.129375822781952,1.1857392885873617,6937487.444554865,6429527.539543601,67.93837727615886,4.0562021184357135,5.844616618163397e-05
19567,28.698270870457552,0.08290130602007814,1.2035431015791105,3.303937868322168,0.7512386512561406,2.0875595305909025,0.8218920402897341,5.785983696354601,12.342969032767678,9.55,15.606132914462245,1.5986423876555684,8055328.708520985,3343075.8700176845,24.520211277771427,4.195090068448992,0.0742185119893594
19650,35.178064408424554,0.020504394470774043,5.273403714600417,20.242967046458826,0.999999,20.07593762327669,2.0242967047040926e-05,40.485913849950606,18.9045554092848,9.55,21.17981858332878,1.2551959669933854,7137783.527462104,4678942.530460191,40.958906695749626,4.047610944698479,1.3414622118708382e-34
19810,21.74413607049526,0.1246210027192154,10.004699558852488,47.80613938759164,0.9869200601208992,30.494517482800028,0.625301429041613,94.98697734614167,51.39206510087283,9.55,52.27185528879141,1.0345314332462996,6480066.3174602445,3984459.7502946923,37.94316297094869,4.056401303102874,1.7238021409564314e-05
